-- removing all tables if created

CREATE OR REPLACE FUNCTION clean_tables() RETURNS void AS
$$
DECLARE
    l_stmt text;
BEGIN
    SELECT 'truncate ' || STRING_AGG(FORMAT('%I.%I', schemaname, tablename), ',')
    INTO l_stmt
    FROM pg_tables
    WHERE schemaname IN ('public');

    EXECUTE l_stmt || ' cascade';
END;
$$ LANGUAGE plpgsql;
SELECT clean_tables();

-- reset sequences

CREATE OR REPLACE FUNCTION restart_sequences() RETURNS void AS
$$
DECLARE
    i TEXT;
BEGIN
    FOR i IN (SELECT column_default FROM information_schema.columns WHERE column_default SIMILAR TO 'nextval%')
        LOOP
            EXECUTE 'ALTER SEQUENCE' || ' ' || SUBSTRING(SUBSTRING(i FROM '''[a-z_]*') FROM '[a-z_]+') || ' ' ||
                    ' RESTART 1;';
        END LOOP;
END
$$ LANGUAGE plpgsql;
SELECT restart_sequences();

insert into Profil (id_profil, email, telefon) values (1, 'mcolisbe0@buzzfeed.com', '6013672284');
insert into Profil (id_profil, email, telefon) values (2, 'rarmsby1@gmpg.org', '2075702701');
insert into Profil (id_profil, email, telefon) values (3, 'alangstone2@about.me', null);
insert into Profil (id_profil, email, telefon) values (4, 'khecks3@guardian.co.uk', '7603627414');
insert into Profil (id_profil, email, telefon) values (5, 'cegel4@wordpress.org', '6107561830');
insert into Profil (id_profil, email, telefon) values (6, 'kbartolacci5@cyberchimps.com', '5819758951');
insert into Profil (id_profil, email, telefon) values (7, 'hkener6@wix.com', null);
insert into Profil (id_profil, email, telefon) values (8, 'btrymme7@plala.or.jp', '3797022032');
insert into Profil (id_profil, email, telefon) values (9, 'bweatherell8@slashdot.org', '3892822583');
insert into Profil (id_profil, email, telefon) values (10, 'gbiaggioni9@dot.gov', '6984378597');
insert into Profil (id_profil, email, telefon) values (11, 'narchdeacona@infoseek.co.jp', null);
insert into Profil (id_profil, email, telefon) values (12, 'agrigolettib@rediff.com', '8484700701');
insert into Profil (id_profil, email, telefon) values (13, 'ebrissardc@elegantthemes.com', '9158093941');
insert into Profil (id_profil, email, telefon) values (14, 'acastardd@weibo.com', '2867955772');
insert into Profil (id_profil, email, telefon) values (15, 'mgerardie@marriott.com', '5906220345');
insert into Profil (id_profil, email, telefon) values (16, 'gmcgiffinf@bravesites.com', '5556601698');
insert into Profil (id_profil, email, telefon) values (17, 'mcuttelarg@cbc.ca', null);
insert into Profil (id_profil, email, telefon) values (18, 'drogersonh@jalbum.net', null);
insert into Profil (id_profil, email, telefon) values (19, 'agregoracei@1688.com', '4781227671');
insert into Profil (id_profil, email, telefon) values (20, 'sreardenj@yellowbook.com', '3417307098');
insert into Profil (id_profil, email, telefon) values (21, 'cannettsk@businessinsider.com', null);
insert into Profil (id_profil, email, telefon) values (22, 'batwooll@goo.ne.jp', '7635652255');
insert into Profil (id_profil, email, telefon) values (23, 'jsleichtm@free.fr', '5223556767');
insert into Profil (id_profil, email, telefon) values (24, 'sclemenzin@newyorker.com', '3166584151');
insert into Profil (id_profil, email, telefon) values (25, 'bchassono@ucsd.edu', '3418181915');
insert into Profil (id_profil, email, telefon) values (26, 'tyashaevp@360.cn', '5595864867');
insert into Profil (id_profil, email, telefon) values (27, 'eashbeyq@miitbeian.gov.cn', '7558115947');
insert into Profil (id_profil, email, telefon) values (28, 'arasellesr@pcworld.com', '1068354510');
insert into Profil (id_profil, email, telefon) values (29, 'aelmars@theglobeandmail.com', '9822359083');
insert into Profil (id_profil, email, telefon) values (30, 'achaffent@networksolutions.com', '3419629064');
insert into Profil (id_profil, email, telefon) values (31, 'rhanfreyu@weibo.com', null);
insert into Profil (id_profil, email, telefon) values (32, 'ctoynev@wiley.com', '4404725285');
insert into Profil (id_profil, email, telefon) values (33, 'crootw@xinhuanet.com', '5578680276');
insert into Profil (id_profil, email, telefon) values (34, 'jkelnerx@nydailynews.com', '5169398668');
insert into Profil (id_profil, email, telefon) values (35, 'flawlesy@google.es', '6355073028');
insert into Profil (id_profil, email, telefon) values (36, 'wromansz@washington.edu', '4256220642');
insert into Profil (id_profil, email, telefon) values (37, 'srainey10@timesonline.co.uk', null);
insert into Profil (id_profil, email, telefon) values (38, 'arubinowitsch11@alibaba.com', '2008285286');
insert into Profil (id_profil, email, telefon) values (39, 'gdraayer12@youtube.com', null);
insert into Profil (id_profil, email, telefon) values (40, 'trummin13@typepad.com', '6449231859');
insert into Profil (id_profil, email, telefon) values (41, 'dberkery14@delicious.com', '2672228212');
insert into Profil (id_profil, email, telefon) values (42, 'bskyram15@wordpress.org', '4258832246');
insert into Profil (id_profil, email, telefon) values (43, 'jantoszewski16@berkeley.edu', '1374542198');
insert into Profil (id_profil, email, telefon) values (44, 'jfripp17@rambler.ru', null);
insert into Profil (id_profil, email, telefon) values (45, 'tlevecque18@over-blog.com', '1436289046');
insert into Profil (id_profil, email, telefon) values (46, 'mnardoni19@reference.com', '4019097712');
insert into Profil (id_profil, email, telefon) values (47, 'jhorsefield1a@guardian.co.uk', '6126659181');
insert into Profil (id_profil, email, telefon) values (48, 'gbraxay1b@oaic.gov.au', '6715890105');
insert into Profil (id_profil, email, telefon) values (49, 'tmacsharry1c@wunderground.com', null);
insert into Profil (id_profil, email, telefon) values (50, 'mpartridge1d@psu.edu', '4547601757');
insert into Profil (id_profil, email, telefon) values (51, 'korro1e@wikispaces.com', '4807908999');
insert into Profil (id_profil, email, telefon) values (52, 'aheaney1f@ed.gov', '5554574803');
insert into Profil (id_profil, email, telefon) values (53, 'cbasilotta1g@ustream.tv', '7966952151');
insert into Profil (id_profil, email, telefon) values (54, 'mkingdon1h@techcrunch.com', '8386400035');
insert into Profil (id_profil, email, telefon) values (55, 'dkielty1i@gravatar.com', null);
insert into Profil (id_profil, email, telefon) values (56, 'agoodrick1j@psu.edu', '6745669860');
insert into Profil (id_profil, email, telefon) values (57, 'fneat1k@epa.gov', null);
insert into Profil (id_profil, email, telefon) values (58, 'tpresnell1l@lulu.com', '8233662936');
insert into Profil (id_profil, email, telefon) values (59, 'cketteringham1m@tamu.edu', null);
insert into Profil (id_profil, email, telefon) values (60, 'sknowles1n@vkontakte.ru', '6453579304');
insert into Profil (id_profil, email, telefon) values (61, 'kbeckinsale1o@blog.com', '5697294093');
insert into Profil (id_profil, email, telefon) values (62, 'jfitch1p@oakley.com', '4256457006');
insert into Profil (id_profil, email, telefon) values (63, 'gdebnam1q@123-reg.co.uk', '9527147596');
insert into Profil (id_profil, email, telefon) values (64, 'psandercroft1r@timesonline.co.uk', '1879397361');
insert into Profil (id_profil, email, telefon) values (65, 'tshearman1s@jalbum.net', null);
insert into Profil (id_profil, email, telefon) values (66, 'sblessed1t@google.pl', null);
insert into Profil (id_profil, email, telefon) values (67, 'mbatthew1u@fotki.com', '7202172138');
insert into Profil (id_profil, email, telefon) values (68, 'touldcott1v@narod.ru', '3611292436');
insert into Profil (id_profil, email, telefon) values (69, 'astrognell1w@google.com.au', '4237136899');
insert into Profil (id_profil, email, telefon) values (70, 'dyakunchikov1x@smh.com.au', null);
insert into Profil (id_profil, email, telefon) values (71, 'rshaxby1y@cyberchimps.com', null);
insert into Profil (id_profil, email, telefon) values (72, 'rwillacot1z@yahoo.co.jp', null);
insert into Profil (id_profil, email, telefon) values (73, 'tbaines20@jugem.jp', '5037103636');
insert into Profil (id_profil, email, telefon) values (74, 'smacoun21@slate.com', '1649519237');
insert into Profil (id_profil, email, telefon) values (75, 'raltamirano22@1und1.de', '3309331134');
insert into Profil (id_profil, email, telefon) values (76, 'slilliman23@php.net', '2855941024');
insert into Profil (id_profil, email, telefon) values (77, 'jfines24@comsenz.com', null);
insert into Profil (id_profil, email, telefon) values (78, 'emccrachen25@wisc.edu', '5537818759');
insert into Profil (id_profil, email, telefon) values (79, 'gmccarroll26@dmoz.org', null);
insert into Profil (id_profil, email, telefon) values (80, 'lgillingwater27@nbcnews.com', null);
insert into Profil (id_profil, email, telefon) values (81, 'lknapman28@theglobeandmail.com', '9197723136');
insert into Profil (id_profil, email, telefon) values (82, 'lomohun29@slideshare.net', null);
insert into Profil (id_profil, email, telefon) values (83, 'eleglise2a@linkedin.com', '6885790968');
insert into Profil (id_profil, email, telefon) values (84, 'ptapscott2b@thetimes.co.uk', null);
insert into Profil (id_profil, email, telefon) values (85, 'slawey2c@nifty.com', null);
insert into Profil (id_profil, email, telefon) values (86, 'lmathet2d@opera.com', '4954503525');
insert into Profil (id_profil, email, telefon) values (87, 'tboggers2e@qq.com', null);
insert into Profil (id_profil, email, telefon) values (88, 'kvear2f@com.com', '5297483923');
insert into Profil (id_profil, email, telefon) values (89, 'aorbell2g@cnet.com', null);
insert into Profil (id_profil, email, telefon) values (90, 'tnewens2h@mapy.cz', null);
insert into Profil (id_profil, email, telefon) values (91, 'ghuxley2i@hubpages.com', '3153498415');
insert into Profil (id_profil, email, telefon) values (92, 'rhacun2j@adobe.com', '6371969626');
insert into Profil (id_profil, email, telefon) values (93, 'abrogi2k@amazon.co.jp', '8047582355');
insert into Profil (id_profil, email, telefon) values (94, 'kswanston2l@psu.edu', '1756650658');
insert into Profil (id_profil, email, telefon) values (95, 'mquarmby2m@is.gd', null);
insert into Profil (id_profil, email, telefon) values (96, 'egostick2n@usnews.com', '7948169500');
insert into Profil (id_profil, email, telefon) values (97, 'gsuggate2o@who.int', '8121428668');
insert into Profil (id_profil, email, telefon) values (98, 'mtunkin2p@baidu.com', null);
insert into Profil (id_profil, email, telefon) values (99, 'mfasson2q@addtoany.com', '1599220624');
insert into Profil (id_profil, email, telefon) values (100, 'sschottli2r@bluehost.com', '5348579386');


insert into fyzicka_osoba (id_profil, meno, priezvisko, rodne_cislo) values (1, 'Dud', 'Whitemarsh', '88674296');
insert into fyzicka_osoba (id_profil, meno, priezvisko, rodne_cislo) values (2, 'Valaree', 'Winning', '93784268');
insert into fyzicka_osoba (id_profil, meno, priezvisko, rodne_cislo) values (3, 'Dall', 'McNickle', '83349165');
insert into fyzicka_osoba (id_profil, meno, priezvisko, rodne_cislo) values (4, 'Gabrielle', 'Timbridge', '76109557');
insert into fyzicka_osoba (id_profil, meno, priezvisko, rodne_cislo) values (5, 'Normand', 'Smale', '80615421');
insert into fyzicka_osoba (id_profil, meno, priezvisko, rodne_cislo) values (6, 'Thatch', 'McHaffy', '96353219');
insert into fyzicka_osoba (id_profil, meno, priezvisko, rodne_cislo) values (7, 'Rae', 'Seamark', '59494450');
insert into fyzicka_osoba (id_profil, meno, priezvisko, rodne_cislo) values (8, 'Mayne', 'Cable', '13666062');
insert into fyzicka_osoba (id_profil, meno, priezvisko, rodne_cislo) values (9, 'Stearn', 'Kniveton', '45048254');
insert into fyzicka_osoba (id_profil, meno, priezvisko, rodne_cislo) values (10, 'Malena', 'Snarr', '29247866');
insert into fyzicka_osoba (id_profil, meno, priezvisko, rodne_cislo) values (11, 'Sonny', 'Pidgeley', '58982705');
insert into fyzicka_osoba (id_profil, meno, priezvisko, rodne_cislo) values (12, 'Chrissy', 'Becom', '20980965');
insert into fyzicka_osoba (id_profil, meno, priezvisko, rodne_cislo) values (13, 'Jane', 'Ruston', '98484563');
insert into fyzicka_osoba (id_profil, meno, priezvisko, rodne_cislo) values (14, 'Elsey', 'Back', '29779588');
insert into fyzicka_osoba (id_profil, meno, priezvisko, rodne_cislo) values (15, 'Webb', 'Winkworth', '21115941');
insert into fyzicka_osoba (id_profil, meno, priezvisko, rodne_cislo) values (16, 'Werner', 'Empson', '57184395');
insert into fyzicka_osoba (id_profil, meno, priezvisko, rodne_cislo) values (17, 'Millisent', 'Gibbeson', '50560129');
insert into fyzicka_osoba (id_profil, meno, priezvisko, rodne_cislo) values (18, 'Lance', 'Shawcross', '81929495');
insert into fyzicka_osoba (id_profil, meno, priezvisko, rodne_cislo) values (19, 'Fairleigh', 'Jaume', '10604994');
insert into fyzicka_osoba (id_profil, meno, priezvisko, rodne_cislo) values (20, 'Vita', 'Spensly', '80193897');
insert into fyzicka_osoba (id_profil, meno, priezvisko, rodne_cislo) values (21, 'Gavrielle', 'McKeighen', '48424354');
insert into fyzicka_osoba (id_profil, meno, priezvisko, rodne_cislo) values (22, 'Natividad', 'MacGorrie', '41355534');
insert into fyzicka_osoba (id_profil, meno, priezvisko, rodne_cislo) values (23, 'Meridith', 'Shrawley', '86849600');
insert into fyzicka_osoba (id_profil, meno, priezvisko, rodne_cislo) values (24, 'Daphne', 'Wolstencroft', '25752411');
insert into fyzicka_osoba (id_profil, meno, priezvisko, rodne_cislo) values (25, 'Avram', 'Knowlson', '81638478');
insert into fyzicka_osoba (id_profil, meno, priezvisko, rodne_cislo) values (26, 'Solomon', 'McCurrie', '73876665');
insert into fyzicka_osoba (id_profil, meno, priezvisko, rodne_cislo) values (27, 'Emili', 'Pollicote', '92669109');
insert into fyzicka_osoba (id_profil, meno, priezvisko, rodne_cislo) values (28, 'Lila', 'Cristofalo', '76134302');
insert into fyzicka_osoba (id_profil, meno, priezvisko, rodne_cislo) values (29, 'Neely', 'Johnson', '28850050');
insert into fyzicka_osoba (id_profil, meno, priezvisko, rodne_cislo) values (30, 'Gracie', 'Faircliffe', '08107599');
insert into fyzicka_osoba (id_profil, meno, priezvisko, rodne_cislo) values (31, 'Livy', 'MacLaig', '11395040');
insert into fyzicka_osoba (id_profil, meno, priezvisko, rodne_cislo) values (32, 'Ofilia', 'Oakman', '64257980');
insert into fyzicka_osoba (id_profil, meno, priezvisko, rodne_cislo) values (33, 'Jori', 'Pottie', '21422999');
insert into fyzicka_osoba (id_profil, meno, priezvisko, rodne_cislo) values (34, 'Mercie', 'Awdry', '42070458');
insert into fyzicka_osoba (id_profil, meno, priezvisko, rodne_cislo) values (35, 'Keri', 'Liptrot', '62710575');
insert into fyzicka_osoba (id_profil, meno, priezvisko, rodne_cislo) values (36, 'Hedy', 'Samter', '53890248');
insert into fyzicka_osoba (id_profil, meno, priezvisko, rodne_cislo) values (37, 'Marylee', 'Batthew', '65629937');
insert into fyzicka_osoba (id_profil, meno, priezvisko, rodne_cislo) values (38, 'Isabella', 'Groome', '25190911');
insert into fyzicka_osoba (id_profil, meno, priezvisko, rodne_cislo) values (39, 'Pip', 'Pardie', '62345984');
insert into fyzicka_osoba (id_profil, meno, priezvisko, rodne_cislo) values (40, 'Elenore', 'Haythorn', '34099970');
insert into fyzicka_osoba (id_profil, meno, priezvisko, rodne_cislo) values (41, 'Gordon', 'Sawart', '50222174');
insert into fyzicka_osoba (id_profil, meno, priezvisko, rodne_cislo) values (42, 'Kristina', 'Pusill', '71613403');
insert into fyzicka_osoba (id_profil, meno, priezvisko, rodne_cislo) values (43, 'Tobiah', 'Gartshore', '19595755');
insert into fyzicka_osoba (id_profil, meno, priezvisko, rodne_cislo) values (44, 'Eada', 'Cosin', '48488732');
insert into fyzicka_osoba (id_profil, meno, priezvisko, rodne_cislo) values (45, 'Gerhard', 'Soot', '33892239');
insert into fyzicka_osoba (id_profil, meno, priezvisko, rodne_cislo) values (46, 'Loralee', 'Pasby', '92840224');
insert into fyzicka_osoba (id_profil, meno, priezvisko, rodne_cislo) values (47, 'Bekki', 'Draijer', '99013635');
insert into fyzicka_osoba (id_profil, meno, priezvisko, rodne_cislo) values (48, 'Sharon', 'Fernley', '20364818');
insert into fyzicka_osoba (id_profil, meno, priezvisko, rodne_cislo) values (49, 'Minetta', 'Strathdee', '67507199');
insert into fyzicka_osoba (id_profil, meno, priezvisko, rodne_cislo) values (50, 'Eldon', 'Mate', '24828277');

INSERT INTO pravnicka_osoba (id_profil, nazov, ico) VALUES (51, 'Topiclounge', '69034746');
INSERT INTO pravnicka_osoba (id_profil, nazov, ico) VALUES (52, 'Voomm', '50349980');
INSERT INTO pravnicka_osoba (id_profil, nazov, ico) VALUES (53, 'Rhybox', '46158650');
INSERT INTO pravnicka_osoba (id_profil, nazov, ico) VALUES (54, 'Skimia', '18380522');
INSERT INTO pravnicka_osoba (id_profil, nazov, ico) VALUES (55, 'Yakidoo', '79277429');
INSERT INTO pravnicka_osoba (id_profil, nazov, ico) VALUES (56, 'Kwideo', '48341930');
INSERT INTO pravnicka_osoba (id_profil, nazov, ico) VALUES (57, 'Fivespan', '17128587');
INSERT INTO pravnicka_osoba (id_profil, nazov, ico) VALUES (58, 'Kazio', '09327539');
INSERT INTO pravnicka_osoba (id_profil, nazov, ico) VALUES (59, 'Zoonoodle', '29752197');
INSERT INTO pravnicka_osoba (id_profil, nazov, ico) VALUES (60, 'Oodoo', '29792492');
INSERT INTO pravnicka_osoba (id_profil, nazov, ico) VALUES (61, 'Jabberstorm', '49001364');
INSERT INTO pravnicka_osoba (id_profil, nazov, ico) VALUES (62, 'Edgetag', '08048287');
INSERT INTO pravnicka_osoba (id_profil, nazov, ico) VALUES (63, 'Fivespan', '95225517');
INSERT INTO pravnicka_osoba (id_profil, nazov, ico) VALUES (64, 'InnoZ', '53284828');
INSERT INTO pravnicka_osoba (id_profil, nazov, ico) VALUES (65, 'Trupe', '12601039');
INSERT INTO pravnicka_osoba (id_profil, nazov, ico) VALUES (66, 'Skinix', '02914033');
INSERT INTO pravnicka_osoba (id_profil, nazov, ico) VALUES (67, 'Voomm', '52314830');
INSERT INTO pravnicka_osoba (id_profil, nazov, ico) VALUES (68, 'Thoughtblab', '04650615');
INSERT INTO pravnicka_osoba (id_profil, nazov, ico) VALUES (69, 'Kaymbo', '42380382');
INSERT INTO pravnicka_osoba (id_profil, nazov, ico) VALUES (70, 'Riffpath', '34375001');
INSERT INTO pravnicka_osoba (id_profil, nazov, ico) VALUES (71, 'Yakijo', '50725933');
INSERT INTO pravnicka_osoba (id_profil, nazov, ico) VALUES (72, 'Browsezoom', '51531842');
INSERT INTO pravnicka_osoba (id_profil, nazov, ico) VALUES (73, 'Dynava', '91582372');
INSERT INTO pravnicka_osoba (id_profil, nazov, ico) VALUES (74, 'Kwinu', '54346716');
INSERT INTO pravnicka_osoba (id_profil, nazov, ico) VALUES (75, 'Mymm', '30058889');
INSERT INTO pravnicka_osoba (id_profil, nazov, ico) VALUES (76, 'Gabtune', '84222330');
INSERT INTO pravnicka_osoba (id_profil, nazov, ico) VALUES (77, 'Fliptune', '93080880');
INSERT INTO pravnicka_osoba (id_profil, nazov, ico) VALUES (78, 'Mycat', '93076810');
INSERT INTO pravnicka_osoba (id_profil, nazov, ico) VALUES (79, 'Tazz', '58656974');
INSERT INTO pravnicka_osoba (id_profil, nazov, ico) VALUES (80, 'Thoughtbeat', '01981731');
INSERT INTO pravnicka_osoba (id_profil, nazov, ico) VALUES (81, 'Zoovu', '11327999');
INSERT INTO pravnicka_osoba (id_profil, nazov, ico) VALUES (82, 'Fiveclub', '36011659');
INSERT INTO pravnicka_osoba (id_profil, nazov, ico) VALUES (83, 'Riffpath', '29172279');
INSERT INTO pravnicka_osoba (id_profil, nazov, ico) VALUES (84, 'Meembee', '32056039');
INSERT INTO pravnicka_osoba (id_profil, nazov, ico) VALUES (85, 'Feedmix', '72989191');
INSERT INTO pravnicka_osoba (id_profil, nazov, ico) VALUES (86, 'Skippad', '87938214');
INSERT INTO pravnicka_osoba (id_profil, nazov, ico) VALUES (87, 'Gigabox', '90820461');
INSERT INTO pravnicka_osoba (id_profil, nazov, ico) VALUES (88, 'Muxo', '64431905');
INSERT INTO pravnicka_osoba (id_profil, nazov, ico) VALUES (89, 'Skynoodle', '88616264');
INSERT INTO pravnicka_osoba (id_profil, nazov, ico) VALUES (90, 'Gigaclub', '28781684');
INSERT INTO pravnicka_osoba (id_profil, nazov, ico) VALUES (91, 'Photolist', '7703869');
INSERT INTO pravnicka_osoba (id_profil, nazov, ico) VALUES (92, 'Gigashots', '63909714');
INSERT INTO pravnicka_osoba (id_profil, nazov, ico) VALUES (93, 'Rhyzio', '48304377');
INSERT INTO pravnicka_osoba (id_profil, nazov, ico) VALUES (94, 'Livetube', '95983073');
INSERT INTO pravnicka_osoba (id_profil, nazov, ico) VALUES (95, 'Oyope', '38816404');
INSERT INTO pravnicka_osoba (id_profil, nazov, ico) VALUES (96, 'Avamm', '73436234');
INSERT INTO pravnicka_osoba (id_profil, nazov, ico) VALUES (97, 'Topicware', '04484974');
INSERT INTO pravnicka_osoba (id_profil, nazov, ico) VALUES (98, 'LiveZ', '57869424');
INSERT INTO pravnicka_osoba (id_profil, nazov, ico) VALUES (99, 'Ozu', '52432398');
INSERT INTO pravnicka_osoba (id_profil, nazov, ico) VALUES (100, 'Cogibox', '52272586');

insert into najomca (id_profil, domace_zviera) values (26, 'Albatross, waved');
insert into najomca (id_profil, domace_zviera) values (27, null);
insert into najomca (id_profil, domace_zviera) values (28, 'Eagle, golden');
insert into najomca (id_profil, domace_zviera) values (29, 'Brush-tailed rat kangaroo');
insert into najomca (id_profil, domace_zviera) values (30, 'Crocodile, nile');
insert into najomca (id_profil, domace_zviera) values (31, 'Blue and yellow macaw');
insert into najomca (id_profil, domace_zviera) values (32, 'Tortoise, galapagos');
insert into najomca (id_profil, domace_zviera) values (33, null);
insert into najomca (id_profil, domace_zviera) values (34, null);
insert into najomca (id_profil, domace_zviera) values (35, 'Salmon, sockeye');
insert into najomca (id_profil, domace_zviera) values (36, 'Thirteen-lined squirrel');
insert into najomca (id_profil, domace_zviera) values (37, 'Tiger cat');
insert into najomca (id_profil, domace_zviera) values (38, 'Tinamou, elegant crested');
insert into najomca (id_profil, domace_zviera) values (39, 'Eagle, crowned');
insert into najomca (id_profil, domace_zviera) values (40, null);
insert into najomca (id_profil, domace_zviera) values (41, 'Purple moorhen');
insert into najomca (id_profil, domace_zviera) values (42, null);
insert into najomca (id_profil, domace_zviera) values (43, null);
insert into najomca (id_profil, domace_zviera) values (44, null);
insert into najomca (id_profil, domace_zviera) values (45, 'Huron');
insert into najomca (id_profil, domace_zviera) values (46, 'Grouse, greater sage');
insert into najomca (id_profil, domace_zviera) values (47, 'Capybara');
insert into najomca (id_profil, domace_zviera) values (48, 'Blue-breasted cordon bleu');
insert into najomca (id_profil, domace_zviera) values (49, 'Possum, golden brush-tailed');
insert into najomca (id_profil, domace_zviera) values (50, 'Columbian rainbow boa');
insert into najomca (id_profil, domace_zviera) values (51, 'Red lava crab');
insert into najomca (id_profil, domace_zviera) values (52, 'Bird, magnificent frigate');
insert into najomca (id_profil, domace_zviera) values (53, 'Turtle, eastern box');
insert into najomca (id_profil, domace_zviera) values (54, null);
insert into najomca (id_profil, domace_zviera) values (55, 'Mudskipper (unidentified)');
insert into najomca (id_profil, domace_zviera) values (56, 'Gelada baboon');
insert into najomca (id_profil, domace_zviera) values (57, 'Cormorant, large');
insert into najomca (id_profil, domace_zviera) values (58, 'Caiman, spectacled');
insert into najomca (id_profil, domace_zviera) values (59, 'Fairy penguin');
insert into najomca (id_profil, domace_zviera) values (60, null);
insert into najomca (id_profil, domace_zviera) values (61, 'Brocket, brown');
insert into najomca (id_profil, domace_zviera) values (62, 'Chital');
insert into najomca (id_profil, domace_zviera) values (63, 'Hoopoe, eurasian');
insert into najomca (id_profil, domace_zviera) values (64, null);
insert into najomca (id_profil, domace_zviera) values (65, 'Buffalo, african');
insert into najomca (id_profil, domace_zviera) values (66, 'White-mantled colobus');
insert into najomca (id_profil, domace_zviera) values (67, 'Waved albatross');
insert into najomca (id_profil, domace_zviera) values (68, 'Red kangaroo');
insert into najomca (id_profil, domace_zviera) values (69, 'Bush dog');
insert into najomca (id_profil, domace_zviera) values (70, 'Goldeneye, common');
insert into najomca (id_profil, domace_zviera) values (71, 'Crow, pied');
insert into najomca (id_profil, domace_zviera) values (72, 'White-throated robin');
insert into najomca (id_profil, domace_zviera) values (73, 'Topi');
insert into najomca (id_profil, domace_zviera) values (74, 'Raccoon dog');
insert into najomca (id_profil, domace_zviera) values (75, null);

insert into prenajimatel (id_profil, narodnost) values (1, 'China');
insert into prenajimatel (id_profil, narodnost) values (2, null);
insert into prenajimatel (id_profil, narodnost) values (3, 'United States');
insert into prenajimatel (id_profil, narodnost) values (4, 'Yemen');
insert into prenajimatel (id_profil, narodnost) values (5, 'Ecuador');
insert into prenajimatel (id_profil, narodnost) values (6, 'Indonesia');
insert into prenajimatel (id_profil, narodnost) values (7, 'Indonesia');
insert into prenajimatel (id_profil, narodnost) values (8, 'Haiti');
insert into prenajimatel (id_profil, narodnost) values (9, 'Greece');
insert into prenajimatel (id_profil, narodnost) values (10, 'Portugal');
insert into prenajimatel (id_profil, narodnost) values (11, null);
insert into prenajimatel (id_profil, narodnost) values (12, 'China');
insert into prenajimatel (id_profil, narodnost) values (13, 'Greece');
insert into prenajimatel (id_profil, narodnost) values (14, 'China');
insert into prenajimatel (id_profil, narodnost) values (15, 'Belarus');
insert into prenajimatel (id_profil, narodnost) values (16, 'Belarus');
insert into prenajimatel (id_profil, narodnost) values (17, 'China');
insert into prenajimatel (id_profil, narodnost) values (18, 'Mexico');
insert into prenajimatel (id_profil, narodnost) values (19, 'Russia');
insert into prenajimatel (id_profil, narodnost) values (20, 'Greece');
insert into prenajimatel (id_profil, narodnost) values (21, 'Nigeria');
insert into prenajimatel (id_profil, narodnost) values (22, null);
insert into prenajimatel (id_profil, narodnost) values (23, 'China');
insert into prenajimatel (id_profil, narodnost) values (24, 'China');
insert into prenajimatel (id_profil, narodnost) values (25, 'Philippines');

insert into prenajimatel (id_profil, narodnost) values (76, 'Canada');
insert into prenajimatel (id_profil, narodnost) values (77, 'Indonesia');
insert into prenajimatel (id_profil, narodnost) values (78, 'China');
insert into prenajimatel (id_profil, narodnost) values (79, 'Japan');
insert into prenajimatel (id_profil, narodnost) values (80, 'Mali');
insert into prenajimatel (id_profil, narodnost) values (81, 'Indonesia');
insert into prenajimatel (id_profil, narodnost) values (82, 'Serbia');
insert into prenajimatel (id_profil, narodnost) values (83, 'Mongolia');
insert into prenajimatel (id_profil, narodnost) values (84, null);
insert into prenajimatel (id_profil, narodnost) values (85, null);
insert into prenajimatel (id_profil, narodnost) values (86, null);
insert into prenajimatel (id_profil, narodnost) values (87, 'South Korea');
insert into prenajimatel (id_profil, narodnost) values (88, 'China');
insert into prenajimatel (id_profil, narodnost) values (89, 'Nepal');
insert into prenajimatel (id_profil, narodnost) values (90, 'Russia');
insert into prenajimatel (id_profil, narodnost) values (91, 'China');
insert into prenajimatel (id_profil, narodnost) values (92, 'China');
insert into prenajimatel (id_profil, narodnost) values (93, 'Sri Lanka');
insert into prenajimatel (id_profil, narodnost) values (94, 'Thailand');
insert into prenajimatel (id_profil, narodnost) values (95, 'Indonesia');
insert into prenajimatel (id_profil, narodnost) values (96, 'Guatemala');
insert into prenajimatel (id_profil, narodnost) values (97, 'Mongolia');
insert into prenajimatel (id_profil, narodnost) values (98, 'Namibia');
insert into prenajimatel (id_profil, narodnost) values (99, 'China');
insert into prenajimatel (id_profil, narodnost) values (100, 'Armenia');

SELECT SETVAL(PG_GET_SERIAL_SEQUENCE('profil', 'id_profil'), 100);

insert into adresa (id_adresa, mesto, ulica, cislo_domu, psc) values (1, 'E’erdun Wula', 'Ludington', '4', 10000);
insert into adresa (id_adresa, mesto, ulica, cislo_domu, psc) values (2, 'Chenqiao', 'Oakridge', '33', 16000);
insert into adresa (id_adresa, mesto, ulica, cislo_domu, psc) values (3, 'Philadelphia', 'Blaine', '1', 12000);
insert into adresa (id_adresa, mesto, ulica, cislo_domu, psc) values (4, 'Wang’er', 'Service', '49', 11000);
insert into adresa (id_adresa, mesto, ulica, cislo_domu, psc) values (5, 'Kokar', 'Hudson', '4164', 10000);
insert into adresa (id_adresa, mesto, ulica, cislo_domu, psc) values (6, 'Yawata', 'Waywood', '5', 13000);
insert into adresa (id_adresa, mesto, ulica, cislo_domu, psc) values (7, 'Sufang', 'Linden', '0996', 13000);
insert into adresa (id_adresa, mesto, ulica, cislo_domu, psc) values (8, 'Aguas Verdes', 'Center', '1846', 15000);
insert into adresa (id_adresa, mesto, ulica, cislo_domu, psc) values (9, 'Iturama', 'Dovetail', '62978', 13000);
insert into adresa (id_adresa, mesto, ulica, cislo_domu, psc) values (10, 'Quesada', 'Eagle Crest', '7', 14100);
insert into adresa (id_adresa, mesto, ulica, cislo_domu, psc) values (11, 'Lwengo', 'Sutteridge', '425', 11100);
insert into adresa (id_adresa, mesto, ulica, cislo_domu, psc) values (12, 'Moquegua', 'Kinsman', '356', 11960);
insert into adresa (id_adresa, mesto, ulica, cislo_domu, psc) values (13, 'Bilajari', 'Huxley', '8169', 18100);
insert into adresa (id_adresa, mesto, ulica, cislo_domu, psc) values (14, 'Salekhard', 'Moose', '470', 10200);
insert into adresa (id_adresa, mesto, ulica, cislo_domu, psc) values (15, 'Xiangang', 'Veith', '464', 11200);
insert into adresa (id_adresa, mesto, ulica, cislo_domu, psc) values (16, 'Quimbaya', 'Sherman', '780', 18600);
insert into adresa (id_adresa, mesto, ulica, cislo_domu, psc) values (17, 'La Loma', 'Gulseth', '475', 16400);
insert into adresa (id_adresa, mesto, ulica, cislo_domu, psc) values (18, 'Bucheon-si', 'Continental', '71', 10400);
insert into adresa (id_adresa, mesto, ulica, cislo_domu, psc) values (19, 'Xiqi', 'Lien', '880', 12000);
insert into adresa (id_adresa, mesto, ulica, cislo_domu, psc) values (20, 'Tysmenychany', 'American', '6', 17900);
insert into adresa (id_adresa, mesto, ulica, cislo_domu, psc) values (21, 'Wanfa', 'Doe Crossing', '5374', 10400);
insert into adresa (id_adresa, mesto, ulica, cislo_domu, psc) values (22, 'Skien', 'Myrtle', '9591', 13200);
insert into adresa (id_adresa, mesto, ulica, cislo_domu, psc) values (23, 'Rustāq', 'Clemons', '841', 16200);
insert into adresa (id_adresa, mesto, ulica, cislo_domu, psc) values (24, 'Kozova', 'Talisman', '4', 18100);
insert into adresa (id_adresa, mesto, ulica, cislo_domu, psc) values (25, 'Stockholm', 'West', '69337', 14000);
insert into adresa (id_adresa, mesto, ulica, cislo_domu, psc) values (26, 'Chengshan', 'John Wall', '5006', 18200);
insert into adresa (id_adresa, mesto, ulica, cislo_domu, psc) values (27, 'Balitai', 'Elgar', '708', 12800);
insert into adresa (id_adresa, mesto, ulica, cislo_domu, psc) values (28, 'Nancy', 'Beilfuss', '3260', 18000);
insert into adresa (id_adresa, mesto, ulica, cislo_domu, psc) values (29, 'Huichang', 'Service', '2', 15600);
insert into adresa (id_adresa, mesto, ulica, cislo_domu, psc) values (30, 'Pajung', 'Elmside', '4866', 17300);
insert into adresa (id_adresa, mesto, ulica, cislo_domu, psc) values (31, 'Jombang', 'Acker', '9', 10200);
insert into adresa (id_adresa, mesto, ulica, cislo_domu, psc) values (32, 'Yalukou', 'Buhler', '6', 18300);
insert into adresa (id_adresa, mesto, ulica, cislo_domu, psc) values (33, 'Kawm Umbū', 'Truax', '828', 11600);
insert into adresa (id_adresa, mesto, ulica, cislo_domu, psc) values (34, 'Qiryat Motzkin', 'Grasskamp', '355', 16200);
insert into adresa (id_adresa, mesto, ulica, cislo_domu, psc) values (35, 'Newcastle', 'Hayes', '203', 18004);
insert into adresa (id_adresa, mesto, ulica, cislo_domu, psc) values (36, 'Saint-Étienne', 'Amoth', '83037', 11000);
insert into adresa (id_adresa, mesto, ulica, cislo_domu, psc) values (37, 'Sitajara', 'Di Loreto', '62', 14000);
insert into adresa (id_adresa, mesto, ulica, cislo_domu, psc) values (38, 'Áyios Yeóryios', 'Redwing', '3726', 15300);
insert into adresa (id_adresa, mesto, ulica, cislo_domu, psc) values (39, 'Bayt Sīrā', 'Mallard', '2762', 18800);
insert into adresa (id_adresa, mesto, ulica, cislo_domu, psc) values (40, 'Lucun', 'Moose', '5186', 17900);

SELECT SETVAL(PG_GET_SERIAL_SEQUENCE('adresa', 'id_adresa'), 100);

INSERT INTO typ_nehnutelnosti (id_typ_nehnutelnosti, nazov) VALUES (1, '1+1');
INSERT INTO typ_nehnutelnosti (id_typ_nehnutelnosti, nazov) VALUES (2, '1+kk');
INSERT INTO typ_nehnutelnosti (id_typ_nehnutelnosti, nazov) VALUES (3, '2+1');
INSERT INTO typ_nehnutelnosti (id_typ_nehnutelnosti, nazov) VALUES (4, '2+kk');
INSERT INTO typ_nehnutelnosti (id_typ_nehnutelnosti, nazov) VALUES (5, '3+1');
INSERT INTO typ_nehnutelnosti (id_typ_nehnutelnosti, nazov) VALUES (6, '3+kk');
INSERT INTO typ_nehnutelnosti (id_typ_nehnutelnosti, nazov) VALUES (7, '4+1');
INSERT INTO typ_nehnutelnosti (id_typ_nehnutelnosti, nazov) VALUES (8, '4+kk');
INSERT INTO typ_nehnutelnosti (id_typ_nehnutelnosti, nazov) VALUES (9, '5+1');
INSERT INTO typ_nehnutelnosti (id_typ_nehnutelnosti, nazov) VALUES (10, '5+kk');

SELECT SETVAL(PG_GET_SERIAL_SEQUENCE('typ_nehnutelnosti', 'id_typ_nehnutelnosti'), 10);

insert into nehnutelnost (id_nehnutelnost, id_adresa, id_typ_nehnutelnosti, uzitkova_plocha, cena) values (1, 8, 7, 123, 14400);
insert into nehnutelnost (id_nehnutelnost, id_adresa, id_typ_nehnutelnosti, uzitkova_plocha, cena) values (2, 5, 7, 113, 9700);
insert into nehnutelnost (id_nehnutelnost, id_adresa, id_typ_nehnutelnosti, uzitkova_plocha, cena) values (3, 24, 3, 71, 6300);
insert into nehnutelnost (id_nehnutelnost, id_adresa, id_typ_nehnutelnosti, uzitkova_plocha, cena) values (4, 18, 7, 122, 14300);
insert into nehnutelnost (id_nehnutelnost, id_adresa, id_typ_nehnutelnosti, uzitkova_plocha, cena) values (5, 15, 2, 36, 2600);
insert into nehnutelnost (id_nehnutelnost, id_adresa, id_typ_nehnutelnosti, uzitkova_plocha, cena) values (6, 15, 1, 32, 4100);
insert into nehnutelnost (id_nehnutelnost, id_adresa, id_typ_nehnutelnosti, uzitkova_plocha, cena) values (7, 24, 5, 108, 8500);
insert into nehnutelnost (id_nehnutelnost, id_adresa, id_typ_nehnutelnosti, uzitkova_plocha, cena) values (8, 29, 1, 42, 3400);
insert into nehnutelnost (id_nehnutelnost, id_adresa, id_typ_nehnutelnosti, uzitkova_plocha, cena) values (9, 4, 2, 58, 6800);
insert into nehnutelnost (id_nehnutelnost, id_adresa, id_typ_nehnutelnosti, uzitkova_plocha, cena) values (10, 28, 2, 44, 9100);
insert into nehnutelnost (id_nehnutelnost, id_adresa, id_typ_nehnutelnosti, uzitkova_plocha, cena) values (11, 13, 6, 98, 9300);
insert into nehnutelnost (id_nehnutelnost, id_adresa, id_typ_nehnutelnosti, uzitkova_plocha, cena) values (12, 35, 6, 119, 9800);
insert into nehnutelnost (id_nehnutelnost, id_adresa, id_typ_nehnutelnosti, uzitkova_plocha, cena) values (13, 15, 9, 140, 15200);
insert into nehnutelnost (id_nehnutelnost, id_adresa, id_typ_nehnutelnosti, uzitkova_plocha, cena) values (14, 23, 3, 76, 3800);
insert into nehnutelnost (id_nehnutelnost, id_adresa, id_typ_nehnutelnosti, uzitkova_plocha, cena) values (15, 14, 2, 37, 2800);
insert into nehnutelnost (id_nehnutelnost, id_adresa, id_typ_nehnutelnosti, uzitkova_plocha, cena) values (16, 4, 8, 145, 14600);
insert into nehnutelnost (id_nehnutelnost, id_adresa, id_typ_nehnutelnosti, uzitkova_plocha, cena) values (17, 23, 8, 148, 9900);
insert into nehnutelnost (id_nehnutelnost, id_adresa, id_typ_nehnutelnosti, uzitkova_plocha, cena) values (18, 15, 3, 84, 4800);
insert into nehnutelnost (id_nehnutelnost, id_adresa, id_typ_nehnutelnosti, uzitkova_plocha, cena) values (19, 23, 2, 40, 3200);
insert into nehnutelnost (id_nehnutelnost, id_adresa, id_typ_nehnutelnosti, uzitkova_plocha, cena) values (20, 8, 7, 120, 10000);
insert into nehnutelnost (id_nehnutelnost, id_adresa, id_typ_nehnutelnosti, uzitkova_plocha, cena) values (21, 32, 8, 128, 12300);
insert into nehnutelnost (id_nehnutelnost, id_adresa, id_typ_nehnutelnosti, uzitkova_plocha, cena) values (22, 21, 9, 164, 11000);
insert into nehnutelnost (id_nehnutelnost, id_adresa, id_typ_nehnutelnosti, uzitkova_plocha, cena) values (23, 2, 6, 103, 13400);
insert into nehnutelnost (id_nehnutelnost, id_adresa, id_typ_nehnutelnosti, uzitkova_plocha, cena) values (24, 39, 2, 70, 2600);
insert into nehnutelnost (id_nehnutelnost, id_adresa, id_typ_nehnutelnosti, uzitkova_plocha, cena) values (25, 19, 5, 86, 6500);
insert into nehnutelnost (id_nehnutelnost, id_adresa, id_typ_nehnutelnosti, uzitkova_plocha, cena) values (26, 39, 10, 177, 15800);
insert into nehnutelnost (id_nehnutelnost, id_adresa, id_typ_nehnutelnosti, uzitkova_plocha, cena) values (27, 25, 9, 160, 11100);
insert into nehnutelnost (id_nehnutelnost, id_adresa, id_typ_nehnutelnosti, uzitkova_plocha, cena) values (28, 23, 10, 172, 14700);
insert into nehnutelnost (id_nehnutelnost, id_adresa, id_typ_nehnutelnosti, uzitkova_plocha, cena) values (29, 29, 3, 60, 5100);
insert into nehnutelnost (id_nehnutelnost, id_adresa, id_typ_nehnutelnosti, uzitkova_plocha, cena) values (30, 40, 1, 42, 3900);
insert into nehnutelnost (id_nehnutelnost, id_adresa, id_typ_nehnutelnosti, uzitkova_plocha, cena) values (31, 6, 9, 166, 11100);
insert into nehnutelnost (id_nehnutelnost, id_adresa, id_typ_nehnutelnosti, uzitkova_plocha, cena) values (32, 31, 1, 42, 1500);
insert into nehnutelnost (id_nehnutelnost, id_adresa, id_typ_nehnutelnosti, uzitkova_plocha, cena) values (33, 1, 7, 110, 11900);
insert into nehnutelnost (id_nehnutelnost, id_adresa, id_typ_nehnutelnosti, uzitkova_plocha, cena) values (34, 10, 2, 44, 6700);
insert into nehnutelnost (id_nehnutelnost, id_adresa, id_typ_nehnutelnosti, uzitkova_plocha, cena) values (35, 20, 3, 53, 10000);
insert into nehnutelnost (id_nehnutelnost, id_adresa, id_typ_nehnutelnosti, uzitkova_plocha, cena) values (36, 11, 7, 134, 11600);
insert into nehnutelnost (id_nehnutelnost, id_adresa, id_typ_nehnutelnosti, uzitkova_plocha, cena) values (37, 7, 3, 72, 7700);
insert into nehnutelnost (id_nehnutelnost, id_adresa, id_typ_nehnutelnosti, uzitkova_plocha, cena) values (38, 37, 10, 180, 14000);
insert into nehnutelnost (id_nehnutelnost, id_adresa, id_typ_nehnutelnosti, uzitkova_plocha, cena) values (39, 34, 2, 60, 7400);
insert into nehnutelnost (id_nehnutelnost, id_adresa, id_typ_nehnutelnosti, uzitkova_plocha, cena) values (40, 35, 10, 170, 15800);
insert into nehnutelnost (id_nehnutelnost, id_adresa, id_typ_nehnutelnosti, uzitkova_plocha, cena) values (41, 36, 3, 67, 7500);
insert into nehnutelnost (id_nehnutelnost, id_adresa, id_typ_nehnutelnosti, uzitkova_plocha, cena) values (42, 33, 5, 90, 10400);
insert into nehnutelnost (id_nehnutelnost, id_adresa, id_typ_nehnutelnosti, uzitkova_plocha, cena) values (43, 36, 7, 129, 9500);
insert into nehnutelnost (id_nehnutelnost, id_adresa, id_typ_nehnutelnosti, uzitkova_plocha, cena) values (44, 39, 4, 89, 5200);
insert into nehnutelnost (id_nehnutelnost, id_adresa, id_typ_nehnutelnosti, uzitkova_plocha, cena) values (45, 15, 8, 157, 13700);
insert into nehnutelnost (id_nehnutelnost, id_adresa, id_typ_nehnutelnosti, uzitkova_plocha, cena) values (46, 15, 8, 147, 9400);
insert into nehnutelnost (id_nehnutelnost, id_adresa, id_typ_nehnutelnosti, uzitkova_plocha, cena) values (47, 10, 10, 179, 10900);
insert into nehnutelnost (id_nehnutelnost, id_adresa, id_typ_nehnutelnosti, uzitkova_plocha, cena) values (48, 1, 9, 143, 12200);
insert into nehnutelnost (id_nehnutelnost, id_adresa, id_typ_nehnutelnosti, uzitkova_plocha, cena) values (49, 21, 7, 122, 9100);
insert into nehnutelnost (id_nehnutelnost, id_adresa, id_typ_nehnutelnosti, uzitkova_plocha, cena) values (50, 37, 8, 137, 14400);
insert into nehnutelnost (id_nehnutelnost, id_adresa, id_typ_nehnutelnosti, uzitkova_plocha, cena) values (51, 12, 2, 51, 2900);
insert into nehnutelnost (id_nehnutelnost, id_adresa, id_typ_nehnutelnosti, uzitkova_plocha, cena) values (52, 28, 8, 130, 14600);
insert into nehnutelnost (id_nehnutelnost, id_adresa, id_typ_nehnutelnosti, uzitkova_plocha, cena) values (53, 22, 1, 45, 7500);
insert into nehnutelnost (id_nehnutelnost, id_adresa, id_typ_nehnutelnosti, uzitkova_plocha, cena) values (54, 11, 9, 148, 9800);
insert into nehnutelnost (id_nehnutelnost, id_adresa, id_typ_nehnutelnosti, uzitkova_plocha, cena) values (55, 37, 8, 152, 11600);
insert into nehnutelnost (id_nehnutelnost, id_adresa, id_typ_nehnutelnosti, uzitkova_plocha, cena) values (56, 5, 1, 20, 5800);
insert into nehnutelnost (id_nehnutelnost, id_adresa, id_typ_nehnutelnosti, uzitkova_plocha, cena) values (57, 10, 7, 129, 11200);
insert into nehnutelnost (id_nehnutelnost, id_adresa, id_typ_nehnutelnosti, uzitkova_plocha, cena) values (58, 8, 5, 80, 7500);
insert into nehnutelnost (id_nehnutelnost, id_adresa, id_typ_nehnutelnosti, uzitkova_plocha, cena) values (59, 33, 5, 89, 8600);
insert into nehnutelnost (id_nehnutelnost, id_adresa, id_typ_nehnutelnosti, uzitkova_plocha, cena) values (60, 39, 3, 75, 5800);
insert into nehnutelnost (id_nehnutelnost, id_adresa, id_typ_nehnutelnosti, uzitkova_plocha, cena) values (61, 28, 3, 68, 6200);
insert into nehnutelnost (id_nehnutelnost, id_adresa, id_typ_nehnutelnosti, uzitkova_plocha, cena) values (62, 17, 6, 118, 10200);
insert into nehnutelnost (id_nehnutelnost, id_adresa, id_typ_nehnutelnosti, uzitkova_plocha, cena) values (63, 25, 2, 63, 6200);
insert into nehnutelnost (id_nehnutelnost, id_adresa, id_typ_nehnutelnosti, uzitkova_plocha, cena) values (64, 21, 10, 159, 13400);
insert into nehnutelnost (id_nehnutelnost, id_adresa, id_typ_nehnutelnosti, uzitkova_plocha, cena) values (65, 2, 8, 154, 14900);
insert into nehnutelnost (id_nehnutelnost, id_adresa, id_typ_nehnutelnosti, uzitkova_plocha, cena) values (66, 21, 2, 46, 7200);
insert into nehnutelnost (id_nehnutelnost, id_adresa, id_typ_nehnutelnosti, uzitkova_plocha, cena) values (67, 15, 3, 82, 3600);
insert into nehnutelnost (id_nehnutelnost, id_adresa, id_typ_nehnutelnosti, uzitkova_plocha, cena) values (68, 24, 10, 174, 12400);
insert into nehnutelnost (id_nehnutelnost, id_adresa, id_typ_nehnutelnosti, uzitkova_plocha, cena) values (69, 6, 1, 23, 4800);
insert into nehnutelnost (id_nehnutelnost, id_adresa, id_typ_nehnutelnosti, uzitkova_plocha, cena) values (70, 32, 4, 84, 6300);
insert into nehnutelnost (id_nehnutelnost, id_adresa, id_typ_nehnutelnosti, uzitkova_plocha, cena) values (71, 14, 4, 76, 4600);
insert into nehnutelnost (id_nehnutelnost, id_adresa, id_typ_nehnutelnosti, uzitkova_plocha, cena) values (72, 34, 7, 139, 12000);
insert into nehnutelnost (id_nehnutelnost, id_adresa, id_typ_nehnutelnosti, uzitkova_plocha, cena) values (73, 31, 3, 61, 5200);
insert into nehnutelnost (id_nehnutelnost, id_adresa, id_typ_nehnutelnosti, uzitkova_plocha, cena) values (74, 15, 10, 161, 12700);
insert into nehnutelnost (id_nehnutelnost, id_adresa, id_typ_nehnutelnosti, uzitkova_plocha, cena) values (75, 33, 3, 69, 5800);
insert into nehnutelnost (id_nehnutelnost, id_adresa, id_typ_nehnutelnosti, uzitkova_plocha, cena) values (76, 21, 1, 20, 1800);
insert into nehnutelnost (id_nehnutelnost, id_adresa, id_typ_nehnutelnosti, uzitkova_plocha, cena) values (77, 40, 6, 111, 7700);
insert into nehnutelnost (id_nehnutelnost, id_adresa, id_typ_nehnutelnosti, uzitkova_plocha, cena) values (78, 23, 5, 86, 9000);
insert into nehnutelnost (id_nehnutelnost, id_adresa, id_typ_nehnutelnosti, uzitkova_plocha, cena) values (79, 12, 1, 51, 6300);
insert into nehnutelnost (id_nehnutelnost, id_adresa, id_typ_nehnutelnosti, uzitkova_plocha, cena) values (80, 19, 6, 119, 10400);
insert into nehnutelnost (id_nehnutelnost, id_adresa, id_typ_nehnutelnosti, uzitkova_plocha, cena) values (81, 37, 1, 46, 4500);
insert into nehnutelnost (id_nehnutelnost, id_adresa, id_typ_nehnutelnosti, uzitkova_plocha, cena) values (82, 25, 10, 156, 10500);
insert into nehnutelnost (id_nehnutelnost, id_adresa, id_typ_nehnutelnosti, uzitkova_plocha, cena) values (83, 21, 7, 136, 9200);
insert into nehnutelnost (id_nehnutelnost, id_adresa, id_typ_nehnutelnosti, uzitkova_plocha, cena) values (84, 5, 10, 181, 13600);
insert into nehnutelnost (id_nehnutelnost, id_adresa, id_typ_nehnutelnosti, uzitkova_plocha, cena) values (85, 2, 7, 145, 14100);
insert into nehnutelnost (id_nehnutelnost, id_adresa, id_typ_nehnutelnosti, uzitkova_plocha, cena) values (86, 31, 9, 158, 11000);
insert into nehnutelnost (id_nehnutelnost, id_adresa, id_typ_nehnutelnosti, uzitkova_plocha, cena) values (87, 25, 8, 138, 11000);
insert into nehnutelnost (id_nehnutelnost, id_adresa, id_typ_nehnutelnosti, uzitkova_plocha, cena) values (88, 28, 10, 181, 11700);
insert into nehnutelnost (id_nehnutelnost, id_adresa, id_typ_nehnutelnosti, uzitkova_plocha, cena) values (89, 24, 5, 106, 6300);
insert into nehnutelnost (id_nehnutelnost, id_adresa, id_typ_nehnutelnosti, uzitkova_plocha, cena) values (90, 14, 6, 123, 9300);
insert into nehnutelnost (id_nehnutelnost, id_adresa, id_typ_nehnutelnosti, uzitkova_plocha, cena) values (91, 26, 9, 164, 11400);
insert into nehnutelnost (id_nehnutelnost, id_adresa, id_typ_nehnutelnosti, uzitkova_plocha, cena) values (92, 18, 5, 82, 8900);
insert into nehnutelnost (id_nehnutelnost, id_adresa, id_typ_nehnutelnosti, uzitkova_plocha, cena) values (93, 8, 1, 25, 4500);
insert into nehnutelnost (id_nehnutelnost, id_adresa, id_typ_nehnutelnosti, uzitkova_plocha, cena) values (94, 29, 6, 118, 6700);
insert into nehnutelnost (id_nehnutelnost, id_adresa, id_typ_nehnutelnosti, uzitkova_plocha, cena) values (95, 32, 1, 54, 4400);
insert into nehnutelnost (id_nehnutelnost, id_adresa, id_typ_nehnutelnosti, uzitkova_plocha, cena) values (96, 28, 3, 68, 5000);
insert into nehnutelnost (id_nehnutelnost, id_adresa, id_typ_nehnutelnosti, uzitkova_plocha, cena) values (97, 16, 5, 115, 7900);
insert into nehnutelnost (id_nehnutelnost, id_adresa, id_typ_nehnutelnosti, uzitkova_plocha, cena) values (98, 27, 6, 111, 7900);
insert into nehnutelnost (id_nehnutelnost, id_adresa, id_typ_nehnutelnosti, uzitkova_plocha, cena) values (99, 10, 5, 85, 9200);
insert into nehnutelnost (id_nehnutelnost, id_adresa, id_typ_nehnutelnosti, uzitkova_plocha, cena) values (100, 34, 3, 84, 10400);

SELECT SETVAL(PG_GET_SERIAL_SEQUENCE('nehnutelnost', 'id_nehnutelnost'), 100);

insert into prenajimatel_nehnutelnost (id_profil, id_nehnutelnost) values (15, 1);
insert into prenajimatel_nehnutelnost (id_profil, id_nehnutelnost) values (21, 2);
insert into prenajimatel_nehnutelnost (id_profil, id_nehnutelnost) values (4, 3);
insert into prenajimatel_nehnutelnost (id_profil, id_nehnutelnost) values (3, 4);
insert into prenajimatel_nehnutelnost (id_profil, id_nehnutelnost) values (4, 5);
insert into prenajimatel_nehnutelnost (id_profil, id_nehnutelnost) values (11, 6);
insert into prenajimatel_nehnutelnost (id_profil, id_nehnutelnost) values (19, 7);
insert into prenajimatel_nehnutelnost (id_profil, id_nehnutelnost) values (2, 8);
insert into prenajimatel_nehnutelnost (id_profil, id_nehnutelnost) values (17, 9);
insert into prenajimatel_nehnutelnost (id_profil, id_nehnutelnost) values (13, 10);
insert into prenajimatel_nehnutelnost (id_profil, id_nehnutelnost) values (3, 11);
insert into prenajimatel_nehnutelnost (id_profil, id_nehnutelnost) values (20, 12);
insert into prenajimatel_nehnutelnost (id_profil, id_nehnutelnost) values (17, 13);
insert into prenajimatel_nehnutelnost (id_profil, id_nehnutelnost) values (16, 14);
insert into prenajimatel_nehnutelnost (id_profil, id_nehnutelnost) values (25, 15);
insert into prenajimatel_nehnutelnost (id_profil, id_nehnutelnost) values (21, 16);
insert into prenajimatel_nehnutelnost (id_profil, id_nehnutelnost) values (13, 17);
insert into prenajimatel_nehnutelnost (id_profil, id_nehnutelnost) values (15, 18);
insert into prenajimatel_nehnutelnost (id_profil, id_nehnutelnost) values (1, 19);
insert into prenajimatel_nehnutelnost (id_profil, id_nehnutelnost) values (25, 20);
insert into prenajimatel_nehnutelnost (id_profil, id_nehnutelnost) values (22, 21);
insert into prenajimatel_nehnutelnost (id_profil, id_nehnutelnost) values (1, 22);
insert into prenajimatel_nehnutelnost (id_profil, id_nehnutelnost) values (2, 23);
insert into prenajimatel_nehnutelnost (id_profil, id_nehnutelnost) values (2, 24);
insert into prenajimatel_nehnutelnost (id_profil, id_nehnutelnost) values (4, 25);
insert into prenajimatel_nehnutelnost (id_profil, id_nehnutelnost) values (23, 26);
insert into prenajimatel_nehnutelnost (id_profil, id_nehnutelnost) values (5, 27);
insert into prenajimatel_nehnutelnost (id_profil, id_nehnutelnost) values (11, 28);
insert into prenajimatel_nehnutelnost (id_profil, id_nehnutelnost) values (20, 29);
insert into prenajimatel_nehnutelnost (id_profil, id_nehnutelnost) values (23, 30);
insert into prenajimatel_nehnutelnost (id_profil, id_nehnutelnost) values (21, 31);
insert into prenajimatel_nehnutelnost (id_profil, id_nehnutelnost) values (19, 32);
insert into prenajimatel_nehnutelnost (id_profil, id_nehnutelnost) values (14, 33);
insert into prenajimatel_nehnutelnost (id_profil, id_nehnutelnost) values (25, 34);
insert into prenajimatel_nehnutelnost (id_profil, id_nehnutelnost) values (10, 35);
insert into prenajimatel_nehnutelnost (id_profil, id_nehnutelnost) values (12, 36);
insert into prenajimatel_nehnutelnost (id_profil, id_nehnutelnost) values (6, 37);
insert into prenajimatel_nehnutelnost (id_profil, id_nehnutelnost) values (15, 38);
insert into prenajimatel_nehnutelnost (id_profil, id_nehnutelnost) values (5, 39);
insert into prenajimatel_nehnutelnost (id_profil, id_nehnutelnost) values (8, 40);
insert into prenajimatel_nehnutelnost (id_profil, id_nehnutelnost) values (16, 41);
insert into prenajimatel_nehnutelnost (id_profil, id_nehnutelnost) values (4, 42);
insert into prenajimatel_nehnutelnost (id_profil, id_nehnutelnost) values (16, 43);
insert into prenajimatel_nehnutelnost (id_profil, id_nehnutelnost) values (22, 44);
insert into prenajimatel_nehnutelnost (id_profil, id_nehnutelnost) values (21, 45);
insert into prenajimatel_nehnutelnost (id_profil, id_nehnutelnost) values (14, 46);
insert into prenajimatel_nehnutelnost (id_profil, id_nehnutelnost) values (25, 47);
insert into prenajimatel_nehnutelnost (id_profil, id_nehnutelnost) values (17, 48);
insert into prenajimatel_nehnutelnost (id_profil, id_nehnutelnost) values (22, 49);
insert into prenajimatel_nehnutelnost (id_profil, id_nehnutelnost) values (14, 50);

insert into prenajimatel_nehnutelnost (id_profil, id_nehnutelnost) values (96, 51);
insert into prenajimatel_nehnutelnost (id_profil, id_nehnutelnost) values (79, 52);
insert into prenajimatel_nehnutelnost (id_profil, id_nehnutelnost) values (93, 53);
insert into prenajimatel_nehnutelnost (id_profil, id_nehnutelnost) values (96, 54);
insert into prenajimatel_nehnutelnost (id_profil, id_nehnutelnost) values (95, 55);
insert into prenajimatel_nehnutelnost (id_profil, id_nehnutelnost) values (94, 56);
insert into prenajimatel_nehnutelnost (id_profil, id_nehnutelnost) values (76, 57);
insert into prenajimatel_nehnutelnost (id_profil, id_nehnutelnost) values (94, 58);
insert into prenajimatel_nehnutelnost (id_profil, id_nehnutelnost) values (84, 59);
insert into prenajimatel_nehnutelnost (id_profil, id_nehnutelnost) values (81, 60);
insert into prenajimatel_nehnutelnost (id_profil, id_nehnutelnost) values (92, 61);
insert into prenajimatel_nehnutelnost (id_profil, id_nehnutelnost) values (82, 62);
insert into prenajimatel_nehnutelnost (id_profil, id_nehnutelnost) values (99, 63);
insert into prenajimatel_nehnutelnost (id_profil, id_nehnutelnost) values (89, 64);
insert into prenajimatel_nehnutelnost (id_profil, id_nehnutelnost) values (77, 65);
insert into prenajimatel_nehnutelnost (id_profil, id_nehnutelnost) values (90, 66);
insert into prenajimatel_nehnutelnost (id_profil, id_nehnutelnost) values (77, 67);
insert into prenajimatel_nehnutelnost (id_profil, id_nehnutelnost) values (94, 68);
insert into prenajimatel_nehnutelnost (id_profil, id_nehnutelnost) values (88, 69);
insert into prenajimatel_nehnutelnost (id_profil, id_nehnutelnost) values (86, 70);
insert into prenajimatel_nehnutelnost (id_profil, id_nehnutelnost) values (81, 71);
insert into prenajimatel_nehnutelnost (id_profil, id_nehnutelnost) values (93, 72);
insert into prenajimatel_nehnutelnost (id_profil, id_nehnutelnost) values (87, 73);
insert into prenajimatel_nehnutelnost (id_profil, id_nehnutelnost) values (94, 74);
insert into prenajimatel_nehnutelnost (id_profil, id_nehnutelnost) values (98, 75);
insert into prenajimatel_nehnutelnost (id_profil, id_nehnutelnost) values (100, 76);
insert into prenajimatel_nehnutelnost (id_profil, id_nehnutelnost) values (91, 77);
insert into prenajimatel_nehnutelnost (id_profil, id_nehnutelnost) values (99, 78);
insert into prenajimatel_nehnutelnost (id_profil, id_nehnutelnost) values (85, 79);
insert into prenajimatel_nehnutelnost (id_profil, id_nehnutelnost) values (77, 80);
insert into prenajimatel_nehnutelnost (id_profil, id_nehnutelnost) values (85, 81);
insert into prenajimatel_nehnutelnost (id_profil, id_nehnutelnost) values (100, 82);
insert into prenajimatel_nehnutelnost (id_profil, id_nehnutelnost) values (81, 83);
insert into prenajimatel_nehnutelnost (id_profil, id_nehnutelnost) values (90, 84);
insert into prenajimatel_nehnutelnost (id_profil, id_nehnutelnost) values (92, 85);
insert into prenajimatel_nehnutelnost (id_profil, id_nehnutelnost) values (89, 86);
insert into prenajimatel_nehnutelnost (id_profil, id_nehnutelnost) values (97, 87);
insert into prenajimatel_nehnutelnost (id_profil, id_nehnutelnost) values (86, 88);
insert into prenajimatel_nehnutelnost (id_profil, id_nehnutelnost) values (92, 89);
insert into prenajimatel_nehnutelnost (id_profil, id_nehnutelnost) values (88, 90);
insert into prenajimatel_nehnutelnost (id_profil, id_nehnutelnost) values (80, 91);
insert into prenajimatel_nehnutelnost (id_profil, id_nehnutelnost) values (76, 92);
insert into prenajimatel_nehnutelnost (id_profil, id_nehnutelnost) values (97, 93);
insert into prenajimatel_nehnutelnost (id_profil, id_nehnutelnost) values (79, 94);
insert into prenajimatel_nehnutelnost (id_profil, id_nehnutelnost) values (98, 95);
insert into prenajimatel_nehnutelnost (id_profil, id_nehnutelnost) values (98, 96);
insert into prenajimatel_nehnutelnost (id_profil, id_nehnutelnost) values (83, 97);
insert into prenajimatel_nehnutelnost (id_profil, id_nehnutelnost) values (92, 98);
insert into prenajimatel_nehnutelnost (id_profil, id_nehnutelnost) values (89, 99);
insert into prenajimatel_nehnutelnost (id_profil, id_nehnutelnost) values (99, 100);

insert into zmluva (id_zmluva, od, "do") values (1, '6/23/2017', null);
insert into zmluva (id_zmluva, od, "do") values (2, '8/27/2017', '7/8/2022');
insert into zmluva (id_zmluva, od, "do") values (3, '12/8/2016', '7/21/2021');
insert into zmluva (id_zmluva, od, "do") values (4, '7/1/2018', '6/20/2023');
insert into zmluva (id_zmluva, od, "do") values (5, '3/14/2018', null);
insert into zmluva (id_zmluva, od, "do") values (6, '11/19/2015', '4/30/2021');
insert into zmluva (id_zmluva, od, "do") values (7, '10/4/2015', null);
insert into zmluva (id_zmluva, od, "do") values (8, '2/18/2020', '7/24/2022');
insert into zmluva (id_zmluva, od, "do") values (9, '5/29/2018', '6/4/2024');
insert into zmluva (id_zmluva, od, "do") values (10, '6/21/2018', '9/28/2021');
insert into zmluva (id_zmluva, od, "do") values (11, '5/18/2017', null);
insert into zmluva (id_zmluva, od, "do") values (12, '6/30/2018', null);
insert into zmluva (id_zmluva, od, "do") values (13, '9/19/2017', '10/18/2021');
insert into zmluva (id_zmluva, od, "do") values (14, '11/20/2019', null);
insert into zmluva (id_zmluva, od, "do") values (15, '3/9/2017', '7/21/2025');
insert into zmluva (id_zmluva, od, "do") values (16, '12/25/2017', '2/23/2022');
insert into zmluva (id_zmluva, od, "do") values (17, '11/17/2015', '11/16/2020');
insert into zmluva (id_zmluva, od, "do") values (18, '1/31/2016', '10/18/2023');
insert into zmluva (id_zmluva, od, "do") values (19, '4/22/2017', '4/11/2024');
insert into zmluva (id_zmluva, od, "do") values (20, '7/30/2018', '9/29/2020');
insert into zmluva (id_zmluva, od, "do") values (21, '12/26/2016', null);
insert into zmluva (id_zmluva, od, "do") values (22, '2/3/2016', '4/16/2022');
insert into zmluva (id_zmluva, od, "do") values (23, '4/2/2016', '12/26/2021');
insert into zmluva (id_zmluva, od, "do") values (24, '3/23/2018', null);
insert into zmluva (id_zmluva, od, "do") values (25, '3/16/2017', '8/24/2023');
insert into zmluva (id_zmluva, od, "do") values (26, '6/3/2018', '5/7/2024');
insert into zmluva (id_zmluva, od, "do") values (27, '1/11/2017', '2/12/2021');
insert into zmluva (id_zmluva, od, "do") values (28, '2/5/2018', null);
insert into zmluva (id_zmluva, od, "do") values (29, '9/12/2017', '7/17/2021');
insert into zmluva (id_zmluva, od, "do") values (30, '4/2/2020', '10/28/2020');
insert into zmluva (id_zmluva, od, "do") values (31, '12/29/2018', '1/9/2023');
insert into zmluva (id_zmluva, od, "do") values (32, '12/19/2019', '10/28/2021');
insert into zmluva (id_zmluva, od, "do") values (33, '7/24/2015', '1/5/2023');
insert into zmluva (id_zmluva, od, "do") values (34, '11/18/2015', null);
insert into zmluva (id_zmluva, od, "do") values (35, '2/8/2016', '11/14/2023');
insert into zmluva (id_zmluva, od, "do") values (36, '3/10/2019', '8/20/2020');
insert into zmluva (id_zmluva, od, "do") values (37, '3/25/2020', null);
insert into zmluva (id_zmluva, od, "do") values (38, '1/3/2019', null);
insert into zmluva (id_zmluva, od, "do") values (39, '5/2/2019', '1/28/2023');
insert into zmluva (id_zmluva, od, "do") values (40, '6/19/2017', '5/3/2024');
insert into zmluva (id_zmluva, od, "do") values (41, '7/19/2019', null);
insert into zmluva (id_zmluva, od, "do") values (42, '11/19/2016', null);
insert into zmluva (id_zmluva, od, "do") values (43, '9/19/2019', null);
insert into zmluva (id_zmluva, od, "do") values (44, '6/2/2015', '11/9/2025');
insert into zmluva (id_zmluva, od, "do") values (45, '12/10/2017', '4/28/2023');
insert into zmluva (id_zmluva, od, "do") values (46, '8/1/2019', '12/10/2021');
insert into zmluva (id_zmluva, od, "do") values (47, '1/29/2018', '9/29/2021');
insert into zmluva (id_zmluva, od, "do") values (48, '2/14/2017', '3/25/2022');
insert into zmluva (id_zmluva, od, "do") values (49, '11/21/2015', null);
insert into zmluva (id_zmluva, od, "do") values (50, '9/15/2017', '9/25/2023');
insert into zmluva (id_zmluva, od, "do") values (51, '8/24/2018', null);
insert into zmluva (id_zmluva, od, "do") values (52, '7/2/2018', '10/8/2024');
insert into zmluva (id_zmluva, od, "do") values (53, '4/12/2019', null);
insert into zmluva (id_zmluva, od, "do") values (54, '6/30/2016', null);
insert into zmluva (id_zmluva, od, "do") values (55, '5/26/2016', null);
insert into zmluva (id_zmluva, od, "do") values (56, '1/23/2018', '12/10/2020');
insert into zmluva (id_zmluva, od, "do") values (57, '12/24/2018', '1/10/2021');
insert into zmluva (id_zmluva, od, "do") values (58, '10/15/2019', '8/6/2021');
insert into zmluva (id_zmluva, od, "do") values (59, '12/18/2017', '12/11/2021');
insert into zmluva (id_zmluva, od, "do") values (60, '10/9/2017', null);
insert into zmluva (id_zmluva, od, "do") values (61, '4/23/2020', null);
insert into zmluva (id_zmluva, od, "do") values (62, '4/2/2018', '9/26/2021');
insert into zmluva (id_zmluva, od, "do") values (63, '8/7/2017', null);
insert into zmluva (id_zmluva, od, "do") values (64, '10/6/2019', '12/22/2022');
insert into zmluva (id_zmluva, od, "do") values (65, '5/22/2016', null);
insert into zmluva (id_zmluva, od, "do") values (66, '8/5/2015', null);
insert into zmluva (id_zmluva, od, "do") values (67, '12/21/2019', '6/11/2023');
insert into zmluva (id_zmluva, od, "do") values (68, '1/18/2017', '2/10/2024');
insert into zmluva (id_zmluva, od, "do") values (69, '9/16/2016', null);
insert into zmluva (id_zmluva, od, "do") values (70, '11/21/2017', null);
insert into zmluva (id_zmluva, od, "do") values (71, '10/25/2018', null);
insert into zmluva (id_zmluva, od, "do") values (72, '5/20/2018', '12/3/2021');
insert into zmluva (id_zmluva, od, "do") values (73, '5/19/2015', '5/18/2024');
insert into zmluva (id_zmluva, od, "do") values (74, '8/3/2015', '2/19/2021');
insert into zmluva (id_zmluva, od, "do") values (75, '9/8/2015', '8/24/2020');
insert into zmluva (id_zmluva, od, "do") values (76, '1/29/2017', null);
insert into zmluva (id_zmluva, od, "do") values (77, '7/20/2019', '10/4/2020');
insert into zmluva (id_zmluva, od, "do") values (78, '4/19/2017', '11/1/2020');
insert into zmluva (id_zmluva, od, "do") values (79, '10/18/2016', '5/2/2021');
insert into zmluva (id_zmluva, od, "do") values (80, '2/5/2017', '3/3/2026');
insert into zmluva (id_zmluva, od, "do") values (81, '8/16/2017', '1/29/2024');
insert into zmluva (id_zmluva, od, "do") values (82, '9/20/2015', '5/24/2021');
insert into zmluva (id_zmluva, od, "do") values (83, '1/24/2020', '2/6/2023');
insert into zmluva (id_zmluva, od, "do") values (84, '4/12/2018', null);
insert into zmluva (id_zmluva, od, "do") values (85, '5/31/2016', null);
insert into zmluva (id_zmluva, od, "do") values (86, '8/29/2017', '8/18/2025');
insert into zmluva (id_zmluva, od, "do") values (87, '5/21/2015', '5/20/2020');
insert into zmluva (id_zmluva, od, "do") values (88, '9/10/2018', '5/10/2022');
insert into zmluva (id_zmluva, od, "do") values (89, '7/27/2016', null);
insert into zmluva (id_zmluva, od, "do") values (90, '6/13/2016', null);
insert into zmluva (id_zmluva, od, "do") values (91, '6/27/2015', '9/12/2024');
insert into zmluva (id_zmluva, od, "do") values (92, '9/8/2017', '7/5/2023');
insert into zmluva (id_zmluva, od, "do") values (93, '1/21/2017', '7/12/2025');
insert into zmluva (id_zmluva, od, "do") values (94, '1/29/2019', '12/3/2020');
insert into zmluva (id_zmluva, od, "do") values (95, '4/11/2019', '3/7/2023');
insert into zmluva (id_zmluva, od, "do") values (96, '11/17/2018', null);
insert into zmluva (id_zmluva, od, "do") values (97, '2/2/2020', '6/16/2025');
insert into zmluva (id_zmluva, od, "do") values (98, '7/18/2019', '1/8/2024');
insert into zmluva (id_zmluva, od, "do") values (99, '4/12/2016', null);
insert into zmluva (id_zmluva, od, "do") values (100, '9/29/2016', '3/5/2025');

SELECT SETVAL(PG_GET_SERIAL_SEQUENCE('zmluva', 'id_zmluva'), 100);

insert into prenajom (id_profil, id_nehnutelnost, prenajimatel_id_profil, id_zmluva) values (44, 64, 89, 1);
insert into prenajom (id_profil, id_nehnutelnost, prenajimatel_id_profil, id_zmluva) values (71, 98, 92, 2);
insert into prenajom (id_profil, id_nehnutelnost, prenajimatel_id_profil, id_zmluva) values (70, 85, 92, 3);
insert into prenajom (id_profil, id_nehnutelnost, prenajimatel_id_profil, id_zmluva) values (45, 29, 20, 4);
insert into prenajom (id_profil, id_nehnutelnost, prenajimatel_id_profil, id_zmluva) values (71, 59, 84, 5);
insert into prenajom (id_profil, id_nehnutelnost, prenajimatel_id_profil, id_zmluva) values (47, 14, 16, 6);
insert into prenajom (id_profil, id_nehnutelnost, prenajimatel_id_profil, id_zmluva) values (68, 76, 100, 7);
insert into prenajom (id_profil, id_nehnutelnost, prenajimatel_id_profil, id_zmluva) values (58, 68, 94, 8);
insert into prenajom (id_profil, id_nehnutelnost, prenajimatel_id_profil, id_zmluva) values (50, 10, 13, 9);
insert into prenajom (id_profil, id_nehnutelnost, prenajimatel_id_profil, id_zmluva) values (73, 12, 20, 10);
insert into prenajom (id_profil, id_nehnutelnost, prenajimatel_id_profil, id_zmluva) values (66, 20, 25, 11);
insert into prenajom (id_profil, id_nehnutelnost, prenajimatel_id_profil, id_zmluva) values (60, 32, 19, 12);
insert into prenajom (id_profil, id_nehnutelnost, prenajimatel_id_profil, id_zmluva) values (31, 88, 86, 13);
insert into prenajom (id_profil, id_nehnutelnost, prenajimatel_id_profil, id_zmluva) values (50, 74, 94, 14);
insert into prenajom (id_profil, id_nehnutelnost, prenajimatel_id_profil, id_zmluva) values (58, 18, 15, 15);
insert into prenajom (id_profil, id_nehnutelnost, prenajimatel_id_profil, id_zmluva) values (37, 57, 76, 16);
insert into prenajom (id_profil, id_nehnutelnost, prenajimatel_id_profil, id_zmluva) values (64, 54, 96, 17);
insert into prenajom (id_profil, id_nehnutelnost, prenajimatel_id_profil, id_zmluva) values (55, 1, 15, 18);
insert into prenajom (id_profil, id_nehnutelnost, prenajimatel_id_profil, id_zmluva) values (35, 84, 90, 19);
insert into prenajom (id_profil, id_nehnutelnost, prenajimatel_id_profil, id_zmluva) values (44, 4, 3, 20);
insert into prenajom (id_profil, id_nehnutelnost, prenajimatel_id_profil, id_zmluva) values (64, 38, 15, 21);
insert into prenajom (id_profil, id_nehnutelnost, prenajimatel_id_profil, id_zmluva) values (31, 61, 92, 22);
insert into prenajom (id_profil, id_nehnutelnost, prenajimatel_id_profil, id_zmluva) values (54, 18, 15, 23);
insert into prenajom (id_profil, id_nehnutelnost, prenajimatel_id_profil, id_zmluva) values (63, 44, 22, 24);
insert into prenajom (id_profil, id_nehnutelnost, prenajimatel_id_profil, id_zmluva) values (72, 29, 20, 25);
insert into prenajom (id_profil, id_nehnutelnost, prenajimatel_id_profil, id_zmluva) values (58, 68, 94, 26);
insert into prenajom (id_profil, id_nehnutelnost, prenajimatel_id_profil, id_zmluva) values (37, 28, 11, 27);
insert into prenajom (id_profil, id_nehnutelnost, prenajimatel_id_profil, id_zmluva) values (71, 10, 13, 28);
insert into prenajom (id_profil, id_nehnutelnost, prenajimatel_id_profil, id_zmluva) values (55, 41, 16, 29);
insert into prenajom (id_profil, id_nehnutelnost, prenajimatel_id_profil, id_zmluva) values (50, 94, 79, 30);
insert into prenajom (id_profil, id_nehnutelnost, prenajimatel_id_profil, id_zmluva) values (32, 22, 1, 31);
insert into prenajom (id_profil, id_nehnutelnost, prenajimatel_id_profil, id_zmluva) values (68, 39, 5, 32);
insert into prenajom (id_profil, id_nehnutelnost, prenajimatel_id_profil, id_zmluva) values (42, 50, 14, 33);
insert into prenajom (id_profil, id_nehnutelnost, prenajimatel_id_profil, id_zmluva) values (65, 83, 81, 34);
insert into prenajom (id_profil, id_nehnutelnost, prenajimatel_id_profil, id_zmluva) values (60, 25, 4, 35);
insert into prenajom (id_profil, id_nehnutelnost, prenajimatel_id_profil, id_zmluva) values (66, 71, 81, 36);
insert into prenajom (id_profil, id_nehnutelnost, prenajimatel_id_profil, id_zmluva) values (73, 88, 86, 37);
insert into prenajom (id_profil, id_nehnutelnost, prenajimatel_id_profil, id_zmluva) values (58, 70, 86, 38);
insert into prenajom (id_profil, id_nehnutelnost, prenajimatel_id_profil, id_zmluva) values (43, 82, 100, 39);
insert into prenajom (id_profil, id_nehnutelnost, prenajimatel_id_profil, id_zmluva) values (75, 92, 76, 40);
insert into prenajom (id_profil, id_nehnutelnost, prenajimatel_id_profil, id_zmluva) values (37, 99, 89, 41);
insert into prenajom (id_profil, id_nehnutelnost, prenajimatel_id_profil, id_zmluva) values (61, 94, 79, 42);
insert into prenajom (id_profil, id_nehnutelnost, prenajimatel_id_profil, id_zmluva) values (33, 7, 19, 43);
insert into prenajom (id_profil, id_nehnutelnost, prenajimatel_id_profil, id_zmluva) values (61, 44, 22, 44);
insert into prenajom (id_profil, id_nehnutelnost, prenajimatel_id_profil, id_zmluva) values (71, 32, 19, 45);
insert into prenajom (id_profil, id_nehnutelnost, prenajimatel_id_profil, id_zmluva) values (44, 23, 2, 46);
insert into prenajom (id_profil, id_nehnutelnost, prenajimatel_id_profil, id_zmluva) values (63, 99, 89, 47);
insert into prenajom (id_profil, id_nehnutelnost, prenajimatel_id_profil, id_zmluva) values (66, 35, 10, 48);
insert into prenajom (id_profil, id_nehnutelnost, prenajimatel_id_profil, id_zmluva) values (61, 6, 11, 49);
insert into prenajom (id_profil, id_nehnutelnost, prenajimatel_id_profil, id_zmluva) values (59, 5, 4, 50);
insert into prenajom (id_profil, id_nehnutelnost, prenajimatel_id_profil, id_zmluva) values (61, 98, 92, 51);
insert into prenajom (id_profil, id_nehnutelnost, prenajimatel_id_profil, id_zmluva) values (26, 77, 91, 52);
insert into prenajom (id_profil, id_nehnutelnost, prenajimatel_id_profil, id_zmluva) values (40, 81, 85, 53);
insert into prenajom (id_profil, id_nehnutelnost, prenajimatel_id_profil, id_zmluva) values (34, 68, 94, 54);
insert into prenajom (id_profil, id_nehnutelnost, prenajimatel_id_profil, id_zmluva) values (39, 3, 4, 55);
insert into prenajom (id_profil, id_nehnutelnost, prenajimatel_id_profil, id_zmluva) values (32, 66, 98, 56);
insert into prenajom (id_profil, id_nehnutelnost, prenajimatel_id_profil, id_zmluva) values (41, 17, 13, 57);
insert into prenajom (id_profil, id_nehnutelnost, prenajimatel_id_profil, id_zmluva) values (59, 60, 81, 58);
insert into prenajom (id_profil, id_nehnutelnost, prenajimatel_id_profil, id_zmluva) values (51, 34, 25, 59);
insert into prenajom (id_profil, id_nehnutelnost, prenajimatel_id_profil, id_zmluva) values (72, 3, 4, 60);
insert into prenajom (id_profil, id_nehnutelnost, prenajimatel_id_profil, id_zmluva) values (35, 12, 20, 61);
insert into prenajom (id_profil, id_nehnutelnost, prenajimatel_id_profil, id_zmluva) values (46, 62, 82, 62);
insert into prenajom (id_profil, id_nehnutelnost, prenajimatel_id_profil, id_zmluva) values (55, 44, 22, 63);
insert into prenajom (id_profil, id_nehnutelnost, prenajimatel_id_profil, id_zmluva) values (64, 52, 79, 64);
insert into prenajom (id_profil, id_nehnutelnost, prenajimatel_id_profil, id_zmluva) values (61, 36, 12, 65);
insert into prenajom (id_profil, id_nehnutelnost, prenajimatel_id_profil, id_zmluva) values (34, 85, 92, 66);
insert into prenajom (id_profil, id_nehnutelnost, prenajimatel_id_profil, id_zmluva) values (50, 76, 100, 67);
insert into prenajom (id_profil, id_nehnutelnost, prenajimatel_id_profil, id_zmluva) values (42, 46, 14, 68);
insert into prenajom (id_profil, id_nehnutelnost, prenajimatel_id_profil, id_zmluva) values (55, 19, 1, 69);
insert into prenajom (id_profil, id_nehnutelnost, prenajimatel_id_profil, id_zmluva) values (34, 50, 14, 70);
insert into prenajom (id_profil, id_nehnutelnost, prenajimatel_id_profil, id_zmluva) values (68, 90, 88, 71);
insert into prenajom (id_profil, id_nehnutelnost, prenajimatel_id_profil, id_zmluva) values (26, 34, 25, 72);
insert into prenajom (id_profil, id_nehnutelnost, prenajimatel_id_profil, id_zmluva) values (31, 60, 81, 73);
insert into prenajom (id_profil, id_nehnutelnost, prenajimatel_id_profil, id_zmluva) values (33, 65, 77, 74);
insert into prenajom (id_profil, id_nehnutelnost, prenajimatel_id_profil, id_zmluva) values (44, 39, 5, 75);
insert into prenajom (id_profil, id_nehnutelnost, prenajimatel_id_profil, id_zmluva) values (67, 49, 22, 76);
insert into prenajom (id_profil, id_nehnutelnost, prenajimatel_id_profil, id_zmluva) values (47, 46, 14, 77);
insert into prenajom (id_profil, id_nehnutelnost, prenajimatel_id_profil, id_zmluva) values (47, 90, 88, 78);
insert into prenajom (id_profil, id_nehnutelnost, prenajimatel_id_profil, id_zmluva) values (71, 65, 77, 79);
insert into prenajom (id_profil, id_nehnutelnost, prenajimatel_id_profil, id_zmluva) values (53, 31, 21, 80);
insert into prenajom (id_profil, id_nehnutelnost, prenajimatel_id_profil, id_zmluva) values (63, 92, 76, 81);
insert into prenajom (id_profil, id_nehnutelnost, prenajimatel_id_profil, id_zmluva) values (31, 76, 100, 82);
insert into prenajom (id_profil, id_nehnutelnost, prenajimatel_id_profil, id_zmluva) values (71, 28, 11, 83);
insert into prenajom (id_profil, id_nehnutelnost, prenajimatel_id_profil, id_zmluva) values (63, 26, 23, 84);
insert into prenajom (id_profil, id_nehnutelnost, prenajimatel_id_profil, id_zmluva) values (65, 36, 12, 85);
insert into prenajom (id_profil, id_nehnutelnost, prenajimatel_id_profil, id_zmluva) values (48, 68, 94, 86);
insert into prenajom (id_profil, id_nehnutelnost, prenajimatel_id_profil, id_zmluva) values (54, 80, 77, 87);
insert into prenajom (id_profil, id_nehnutelnost, prenajimatel_id_profil, id_zmluva) values (50, 18, 15, 88);
insert into prenajom (id_profil, id_nehnutelnost, prenajimatel_id_profil, id_zmluva) values (54, 19, 1, 89);
insert into prenajom (id_profil, id_nehnutelnost, prenajimatel_id_profil, id_zmluva) values (69, 29, 20, 90);
insert into prenajom (id_profil, id_nehnutelnost, prenajimatel_id_profil, id_zmluva) values (35, 22, 1, 91);
insert into prenajom (id_profil, id_nehnutelnost, prenajimatel_id_profil, id_zmluva) values (59, 6, 11, 92);
insert into prenajom (id_profil, id_nehnutelnost, prenajimatel_id_profil, id_zmluva) values (75, 27, 5, 93);
insert into prenajom (id_profil, id_nehnutelnost, prenajimatel_id_profil, id_zmluva) values (59, 91, 80, 94);
insert into prenajom (id_profil, id_nehnutelnost, prenajimatel_id_profil, id_zmluva) values (44, 56, 94, 95);
insert into prenajom (id_profil, id_nehnutelnost, prenajimatel_id_profil, id_zmluva) values (57, 45, 21, 96);
insert into prenajom (id_profil, id_nehnutelnost, prenajimatel_id_profil, id_zmluva) values (62, 98, 92, 97);
insert into prenajom (id_profil, id_nehnutelnost, prenajimatel_id_profil, id_zmluva) values (57, 34, 25, 98);
insert into prenajom (id_profil, id_nehnutelnost, prenajimatel_id_profil, id_zmluva) values (45, 15, 25, 99);
insert into prenajom (id_profil, id_nehnutelnost, prenajimatel_id_profil, id_zmluva) values (47, 47, 25, 100);

INSERT INTO platba (datum, id_nehnutelnost, id_zmluva, suma) VALUES ('06/24/2017', 64, 1, 13400);
INSERT INTO platba (datum, id_nehnutelnost, id_zmluva, suma) VALUES ('08/28/2017', 98, 2, 7900);
INSERT INTO platba (datum, id_nehnutelnost, id_zmluva, suma) VALUES ('12/09/2016', 85, 3, 14100);
INSERT INTO platba (datum, id_nehnutelnost, id_zmluva, suma) VALUES ('07/02/2018', 29, 4, 5100);
INSERT INTO platba (datum, id_nehnutelnost, id_zmluva, suma) VALUES ('03/15/2018', 59, 5, 8600);
INSERT INTO platba (datum, id_nehnutelnost, id_zmluva, suma) VALUES ('11/20/2015', 14, 6, 3800);
INSERT INTO platba (datum, id_nehnutelnost, id_zmluva, suma) VALUES ('10/05/2015', 76, 7, 1800);
INSERT INTO platba (datum, id_nehnutelnost, id_zmluva, suma) VALUES ('02/19/2020', 68, 8, 12400);
INSERT INTO platba (datum, id_nehnutelnost, id_zmluva, suma) VALUES ('05/30/2018', 10, 9, 9100);
INSERT INTO platba (datum, id_nehnutelnost, id_zmluva, suma) VALUES ('06/22/2018', 12, 10, 9800);

INSERT INTO platba (datum, id_nehnutelnost, id_zmluva, suma) VALUES ('03/10/2017', 57, 16, 11200);
INSERT INTO platba (datum, id_nehnutelnost, id_zmluva, suma) VALUES ('01/31/2016', 1, 18, 14400);
INSERT INTO platba (datum, id_nehnutelnost, id_zmluva, suma) VALUES ('04/23/2017', 84, 19, 13600);
INSERT INTO platba (datum, id_nehnutelnost, id_zmluva, suma) VALUES ('07/31/2018', 4, 20, 14300);
INSERT INTO platba (datum, id_nehnutelnost, id_zmluva, suma) VALUES ('12/27/2017', 38, 21, 14000);
INSERT INTO platba (datum, id_nehnutelnost, id_zmluva, suma) VALUES ('02/04/2016', 44, 22, 5200);
INSERT INTO platba (datum, id_nehnutelnost, id_zmluva, suma) VALUES ('04/03/2016', 26, 23, 15800);
INSERT INTO platba (datum, id_nehnutelnost, id_zmluva, suma) VALUES ('03/24/2018', 24, 24, 2600);
INSERT INTO platba (datum, id_nehnutelnost, id_zmluva, suma) VALUES ('03/17/2017', 34, 25, 6700);
INSERT INTO platba (datum, id_nehnutelnost, id_zmluva, suma) VALUES ('06/04/2018', 26, 26, 15800);

